{"0": 0.9891033147672997, "0.5": 0.9478458117832304, "1": 0.9021756159866156, "1.5": 0.8451094565743166, "2": 0.7395386988910921, "2.5": 0.6775972239779324, "3": 0.5109370153576381, "3.5": 0.7379012478069334, "4": 0.9170139158050106, "4.5": 0.6567802840982339, "5": 0.6986318524570473, "5.1": 0.1990986531941215, "5.2": 0.03662740134707821, "5.3": 0.03497716419296987, "5.4": 0.03281809787022355, "5.5": 0.028433813035561438, "6": 0.024508149718762168, "6.5": 0.02908789821343436, "7": 0.032973054233535984, "7.5": 0.025095380207359193, "8": 0.03033982994788297, "8.5": 0.030432175707998783, "9": 0.038307529857503325, "9.5": 0.025827026630474488, "10": 0.026776189081598595, "11": 0.03185265544591366, "12": 0.028864036539137487, "13": 0.029332118774453502, "14": 0.027805619431855055, "15": 0.037787298072678374, "16": 0.03717634740434366, "17": 0.1127981224480182, "18": 0.03478301816110219, "19": 0.027058197707005245, "20": 0.02903891223705653}