{"0": 0.05028569880913999, "0.5": 0.08445368188485172, "1": 0.09790493041103916, "1.5": 0.10529410468978448, "2": 0.12362535638699343, "2.5": 0.15287291212482074, "3": 0.17172077974231978, "3.5": 0.20562703052940287, "4": 0.17152300846410662, "4.5": 0.25662167580163403, "5": 0.25885227284808165, "5.1": 0.553105764411687, "5.2": 0.7230930731904557, "5.3": 0.7233710594689405, "5.4": 0.7241016182995645, "5.5": 0.7243283433449955, "6": 0.724820241625765, "6.5": 0.724172317065148, "7": 0.7237287835457116, "7.5": 0.7244520562000404, "8": 0.7245243373502959, "8.5": 0.7244942053576755, "9": 0.7234548201652128, "9.5": 0.7243357466484645, "10": 0.7236003726482159, "11": 0.7232376166004629, "12": 0.7240313294963185, "13": 0.7234344342292716, "14": 0.7223103750972817, "15": 0.719817276119261, "16": 0.7197868032635626, "17": 0.6953430734941248, "18": 0.7188540581356874, "19": 0.7190907120967699, "20": 0.7173317960017258}