{
  "0": {
    "0": 7.305646803241267,
    "1": 6.8311949308446875,
    "2": 6.252037898582495,
    "3": 5.585206062250069,
    "4": 4.970752711954557,
    "5": 4.06512736295251,
    "6": 3.421502096877981,
    "7": 2.97378382545261,
    "8": 2.554889636818549,
    "9": 2.430194155462199,
    "10": 2.276636973388702,
    "11": 2.3539261277203907,
    "12": 2.3540184667486606,
    "13": 2.42675616972182,
    "14": 2.2786669848101777,
    "15": 2.277082433467289,
    "16": 2.1005492836114756,
    "17": 2.0302039581125864,
    "18": 1.7851666706696085,
    "19": 1.7851666706696085
  },
  "1": {
    "0": 7.310059056543577,
    "1": 7.274886964577928,
    "2": 6.770319648221394,
    "3": 6.203670166293524,
    "4": 5.591545497949902,
    "5": 5.09414848347966,
    "6": 4.392149277565879,
    "7": 3.747245478816103,
    "8": 3.2223710441280553,
    "9": 2.7872240605393466,
    "10": 2.489470712499129,
    "11": 2.3771131531732577,
    "12": 2.2434410684595645,
    "13": 2.321602084346066,
    "14": 2.2857292703549548,
    "15": 2.3712739911338248,
    "16": 2.3526632567603674,
    "17": 2.312585209818097,
    "18": 2.2477313750064227,
    "19": 2.125017831875994
  },
  "2": {
    "0": 7.284440484048055,
    "1": 6.737682477302045,
    "2": 6.160759236266006,
    "3": 5.552252029581548,
    "4": 4.970752711954557,
    "5": 4.392149277565879,
    "6": 3.747245478816103,
    "7": 3.2223710441280553,
    "8": 2.7974870364437514,
    "9": 2.4849404423233774,
    "10": 2.375301809652659,
    "11": 2.2707973999736684,
    "12": 2.369126293216476,
    "13": 2.324189195079862,
    "14": 2.405447773455142,
    "15": 2.2857850840039053,
    "16": 2.277082433467289,
    "17": 2.0982177060618024,
    "18": 2.0311836566817867,
    "19": 1.7851666706696085
  },
  "simulation_parameter": false
}
