{
  "0": {
    "0": 0.1029710905336028,
    "1": 0.1210149204688957,
    "2": 0.11382696464562683,
    "3": 0.12548746623814705,
    "4": 0.1266581451614608,
    "5": 0.11582942020982964,
    "6": 0.08992627641957887,
    "7": 0.08728541275588719,
    "8": 0.09379255113811862,
    "9": 0.1063534434815629,
    "10": 0.10485238047960432,
    "11": 0.10039727885632974,
    "12": 0.08759475093431471,
    "13": 0.09218891733955212,
    "14": 0.10221141106001598,
    "15": 0.05255685463530692,
    "16": 0.025880475504625598,
    "17": 0.06578499291245624,
    "18": 0.08594020057942504,
    "19": 0.1057111963836598
  },
  "1": {
    "0": 0.10377150399995717,
    "1": 0.10215720519923105,
    "2": 0.10338379625730978,
    "3": 0.11141260682985504,
    "4": 0.12001418935803762,
    "5": 0.12401425955855022,
    "6": 0.12469308416742468,
    "7": 0.11968941971727201,
    "8": 0.11208459765656874,
    "9": 0.09548700626225048,
    "10": 0.08688609527475803,
    "11": 0.09690836193548044,
    "12": 0.11764232269183288,
    "13": 0.10645913157491435,
    "14": 0.09493111755197163,
    "15": 0.09256256137660455,
    "16": 0.07417517916648038,
    "17": 0.07274522187015417,
    "18": 0.10225350398781735,
    "19": 0.08698374577816795
  },
  "2": {
    "0": 0.1212765029974865,
    "1": 0.12517479174870616,
    "2": 0.125151417573469,
    "3": 0.12391078284238359,
    "4": 0.11011837691211752,
    "5": 0.09458672346123834,
    "6": 0.08678755262430483,
    "7": 0.09428004457943676,
    "8": 0.10054867289913746,
    "9": 0.10959114380161013,
    "10": 0.10133415367441341,
    "11": 0.08193672550576787,
    "12": 0.06955723703099755,
    "13": 0.07274522187015417,
    "14": 0.09531062969140802,
    "15": 0.09344876256427043,
    "16": 0.05838630606573824,
    "17": 0.03842167388878057,
    "18": 0.08647748358914203,
    "19": 0.1057111963836598
  }
}
