{
  "0": {
    "0": 8.234760982235485,
    "1": 8.230675833129183,
    "2": 8.295534367393595,
    "3": 8.194583571559862,
    "4": 8.159473695334041,
    "5": 8.22490845928368,
    "6": 8.150928648144314,
    "7": 8.211533287130719,
    "8": 8.13112046482737,
    "9": 8.133366705006356,
    "10": 8.018949491645563,
    "11": 8.01012920111329,
    "12": 7.997673607114277,
    "13": 8.108921923133813,
    "14": 8.295788348527648,
    "15": 8.336547733000963,
    "16": 8.394266028753831,
    "17": 8.431342777816353,
    "18": 8.41077001459581,
    "19": 8.45037799872827
  },
  "1": {
    "0": 8.245895229321821,
    "1": 8.222299257986375,
    "2": 8.264235095581718,
    "3": 8.194798728176194,
    "4": 8.162425465664606,
    "5": 8.21316935807303,
    "6": 8.150988857540685,
    "7": 8.1827183962501,
    "8": 8.094649751897759,
    "9": 8.079088278940619,
    "10": 8.097680977642522,
    "11": 8.042334429117107,
    "12": 8.049043023935713,
    "13": 8.01571155363653,
    "14": 8.124921918375016,
    "15": 8.286407210609703,
    "16": 8.327436501139513,
    "17": 8.394531420454392,
    "18": 8.465671848870647,
    "19": 8.41077001459581
  },
  "2": {
    "0": 8.222299257986375,
    "1": 8.212395743012031,
    "2": 8.201445897927387,
    "3": 8.165086864378313,
    "4": 8.170186447740404,
    "5": 8.190966867599178,
    "6": 8.094649751897759,
    "7": 8.079088278940619,
    "8": 8.100598221736696,
    "9": 8.039187039680177,
    "10": 8.035709301586106,
    "11": 8.128936218083437,
    "12": 8.295788348527648,
    "13": 8.374870264178272,
    "14": 8.423319836211693,
    "15": 8.424051488909281,
    "16": 8.45037799872827,
    "17": 8.479997205085382,
    "18": 8.56578257860027,
    "19": 8.605161849514495
  },
  "simulation_parameter": false
}
