{
  "2.0": {
    "0": {
      "0": 7.229039654519957,
      "1": 7.129150067776098,
      "2": 6.9985757693644155,
      "3": 6.913476057805374,
      "4": 6.8079129957754,
      "5": 6.664330886525758,
      "6": 6.593194410617158,
      "7": 6.525877032244357,
      "8": 6.405305622520147,
      "9": 6.363274017869713
    },
    "1": {
      "0": 7.949705858178508,
      "1": 7.805957360857334,
      "2": 7.758339076390695,
      "3": 7.660174153926298,
      "4": 7.656571656943968,
      "5": 7.569234600553962,
      "6": 7.495669753228324,
      "7": 7.431124558909869,
      "8": 7.298136662965876,
      "9": 7.259956835920013
    },
    "2": {
      "0": 7.797979120529154,
      "1": 7.552948649206114,
      "2": 7.33990646995185,
      "3": 7.287266195895881,
      "4": 7.145505057651848,
      "5": 7.0849682564540455,
      "6": 6.958646689063365,
      "7": 6.810392714602585,
      "8": 6.686184394890463,
      "9": 6.50181917090204
    },
    "3": {
      "0": 7.727056207367011,
      "1": 7.675869488197882,
      "2": 7.715372881050482,
      "3": 7.670008089732642,
      "4": 7.677684952133856,
      "5": 7.622540958644485,
      "6": 7.555488907654569,
      "7": 7.545061245489617,
      "8": 7.5682585451084945,
      "9": 7.689148314551576
    }
  },
  "simulation_parameter": true,
  "1.0": {
    "0": {
      "0": 7.6174325958982925,
      "1": 7.472520326961258,
      "2": 7.372305616220641,
      "3": 7.279636738769411,
      "4": 7.15939343099115,
      "5": 7.1554908950377305,
      "6": 7.068270336102175,
      "7": 7.022640065485278,
      "8": 6.952540544421681,
      "9": 6.9479241553649596
    },
    "1": {
      "0": 8.045608942527416,
      "1": 7.942121202458845,
      "2": 8.01253892081662,
      "3": 8.058760709640266,
      "4": 8.118476564165162,
      "5": 8.177861498671323,
      "6": 8.229871761038963,
      "7": 8.308696744663854,
      "8": 8.393088493728595,
      "9": 8.425540737381738
    }
  }
}
