{
  "0": {
    "0": 0.06465036823767782,
    "1": 0.07476969574528336,
    "2": 0.07372114985637986,
    "3": 0.0779847581051585,
    "4": 0.0939934303934465,
    "5": 0.13319993123271753,
    "6": 0.15207310372341798,
    "7": 0.19728199985477526,
    "8": 0.2369977022410255,
    "9": 0.28650877441312017,
    "10": 0.3189272576441483,
    "11": 0.3487375951836556,
    "12": 0.37363330288540036,
    "13": 0.3267757443409589,
    "14": 0.25663899440429006,
    "15": 0.19577546888250802,
    "16": 0.08887252863462289,
    "17": 0.0808762696901695,
    "18": 0.0456087028394535,
    "19": 0.0456087028394535
  },
  "1": {
    "0": 0.08444489260053793,
    "1": 0.07759483151285716,
    "2": 0.08970288905659754,
    "3": 0.12472507596264816,
    "4": 0.14510329349140166,
    "5": 0.15343204121580903,
    "6": 0.17681778461669612,
    "7": 0.19314127150674454,
    "8": 0.22756435478421866,
    "9": 0.26779244052340967,
    "10": 0.2898898196684066,
    "11": 0.2931460496929918,
    "12": 0.3344175537747358,
    "13": 0.34710598010522675,
    "14": 0.33855860838129304,
    "15": 0.2690233861068221,
    "16": 0.2200297766468432,
    "17": 0.1752777364234274,
    "18": 0.08703958742562577,
    "19": 0.0808762696901695
  },
  "2": {
    "0": 0.07798416735122107,
    "1": 0.07372114985637986,
    "2": 0.0779847581051585,
    "3": 0.0939934303934465,
    "4": 0.1254267786508256,
    "5": 0.15343204121580903,
    "6": 0.17681778461669612,
    "7": 0.19314127150674454,
    "8": 0.21895131730576683,
    "9": 0.2553544057385945,
    "10": 0.2905175882033386,
    "11": 0.31964353837641135,
    "12": 0.3574243819584554,
    "13": 0.37363330288540036,
    "14": 0.3267757443409589,
    "15": 0.2731093236686475,
    "16": 0.22184399573249083,
    "17": 0.13559301640965518,
    "18": 0.07167658018833337,
    "19": 0.0456087028394535
  }
}
